{"cameraMode":{"drawMode":0,"name":"Shaded","section":"Shading Mode"},"sceneLighting":true,"audioPlay":false,"sceneViewState":{"m_AlwaysRefresh":false,"showFog":true,"showSkybox":true,"showFlares":true,"showImageEffects":true,"showParticleSystems":true,"showVisualEffectGraphs":true,"m_FxEnabled":true},"in2DMode":false,"pivot":{"x":-0.5617367029190064,"y":0.8130106925964356,"z":-0.27773407101631167},"rotation":{"x":-0.10474107414484024,"y":0.7953190207481384,"z":-0.14374598860740663,"w":-0.5795122385025024},"size":2.427781581878662,"orthographic":false}